{"metadata":{"name":"FirstPE_Final_ImprovrdVersion","description":"","asset_type":"wx_prompt","origin_country":"us","resource_key":"8f808bde53ca6c3cd4072f7af535794d67e2c8018af36bf710ef8da4a6cc98c8"},"entity":{"wx_prompt":{"input_mode":"chat","is_template":false,"grounding_index":""},"location_definition":{"physical_location_code":"FRA","physical_location_code_assigned_by":"IBMid-695000JD2T","physical_location_code_rds_id":"c57cb90f-2126-3800-9c9f-9eab82021cdf","physical_location_code_rds_version":"00002024-0916-4080-8333-597114000000_4","physical_location_code_assignment_method":"INFERRED","physical_location_code_added_on":"1728894737551"},"modelfacts_system":{"model_information":{"fm_id":"sdaia/allam-1-13b-instruct"},"training_information":{},"project_details":{"environment_type":"development","is_environmenttype_openscale_value":false},"model_identity_information":{"model_identity_key":"8f808bde53ca6c3cd4072f7af535794d67e2c8018af36bf710ef8da4a6cc98c8"},"modelentry_information":{}},"modelfacts_user":{}},"attachments":[{"id":"72300228-ec87-4de4-bc5e-ea32b37261d4","version":2,"asset_type":"wx_prompt","name":"FirstPE_Final_ImprovrdVersion.json","mime":"application/json","datasource_type":"193a97c1-4475-4a19-b90c-295c4fdc6517","object_key":"wx_prompt/FirstPE_Final_ImprovrdVersion__da__178fhjszmg.json","creator_id":"IBMid-695000JD2T","create_time":1730278991699,"size":21871,"is_remote":false,"is_managed":false,"is_referenced":true,"is_object_key_read_only":false,"is_user_provided_path_key":true,"transfer_complete":true,"is_partitioned":false,"complete_time_ticks":1730278991699,"user_data":{},"test_doc":0,"handle":{"bucket":"finalpe-donotdelete-pr-tnjx7anopxrqah","location":"eu-de","type":"bluemix_cos","key":"wx_prompt/FirstPE_Final_ImprovrdVersion__da__178fhjszmg.json","upload_id":"done","max_part_num":1},"usage":{"access_count":0,"last_accessor_id":"IBMid-695000JD2T","last_access_time":1730278991699}}]}
