{"metadata":{"name":"FirstPE_Final","description":"","asset_type":"wx_prompt","origin_country":"us","resource_key":"1b34ddd508998ed9df200982acf29e82d6f830da8892f2936eed9a122b0316a6"},"entity":{"wx_prompt":{"input_mode":"chat","is_template":false,"grounding_index":""},"location_definition":{"physical_location_code":"FRA","physical_location_code_assigned_by":"IBMid-695000JD2T","physical_location_code_rds_id":"c57cb90f-2126-3800-9c9f-9eab82021cdf","physical_location_code_rds_version":"00002024-0916-4080-8333-597114000000_4","physical_location_code_assignment_method":"INFERRED","physical_location_code_added_on":"1727863450405"},"modelfacts_system":{"model_information":{"fm_id":"sdaia/allam-1-13b-instruct"},"training_information":{},"project_details":{"environment_type":"development","is_environmenttype_openscale_value":false},"model_identity_information":{"model_identity_key":"1b34ddd508998ed9df200982acf29e82d6f830da8892f2936eed9a122b0316a6"},"modelentry_information":{}},"modelfacts_user":{}},"attachments":[{"id":"2747bc16-7c73-4c05-8aae-35f54fd9dd0e","version":2,"asset_type":"wx_prompt","name":"FirstPE_Final.json","mime":"application/json","datasource_type":"193a97c1-4475-4a19-b90c-295c4fdc6517","object_key":"wx_prompt/FirstPE_Final__da__ikhviy43ne.json","creator_id":"IBMid-693000JF5O","create_time":1730270521896,"size":20647,"is_remote":false,"is_managed":false,"is_referenced":true,"is_object_key_read_only":false,"is_user_provided_path_key":true,"transfer_complete":true,"is_partitioned":false,"complete_time_ticks":1730270521896,"user_data":{},"test_doc":0,"handle":{"bucket":"finalpe-donotdelete-pr-tnjx7anopxrqah","location":"eu-de","type":"bluemix_cos","key":"wx_prompt/FirstPE_Final__da__ikhviy43ne.json","upload_id":"done","max_part_num":1},"usage":{"access_count":0,"last_accessor_id":"IBMid-693000JF5O","last_access_time":1730270521896}}]}
