{"metadata":{"name":"SecondPE(Topics)_Final_ImprovedVersion","description":"","asset_type":"wx_prompt","origin_country":"us","resource_key":"2f6659de6fff04365e8d2d660de76885f8c2a3fe3eaa23dae1ebba0d016e1763"},"entity":{"wx_prompt":{"input_mode":"chat","is_template":false,"grounding_index":""},"location_definition":{"physical_location_code":"FRA","physical_location_code_assigned_by":"IBMid-695000JD2T","physical_location_code_rds_id":"c57cb90f-2126-3800-9c9f-9eab82021cdf","physical_location_code_rds_version":"00002024-0916-4080-8333-597114000000_4","physical_location_code_assignment_method":"INFERRED","physical_location_code_added_on":"1728905325261"},"modelfacts_system":{"model_information":{"fm_id":"sdaia/allam-1-13b-instruct"},"training_information":{},"project_details":{"environment_type":"development","is_environmenttype_openscale_value":false},"model_identity_information":{"model_identity_key":"2f6659de6fff04365e8d2d660de76885f8c2a3fe3eaa23dae1ebba0d016e1763"},"modelentry_information":{}},"modelfacts_user":{}},"attachments":[{"id":"5738c419-2335-4873-96bc-c0a814954593","version":2,"asset_type":"wx_prompt","name":"SecondPE_Topics__Final_ImprovedVersion.json","mime":"application/json","datasource_type":"193a97c1-4475-4a19-b90c-295c4fdc6517","object_key":"wx_prompt/SecondPE_Topics__Final_ImprovedVersion__da__bhgw4bfntk.json","creator_id":"IBMid-693000JF5O","create_time":1730273092219,"size":17697,"is_remote":false,"is_managed":false,"is_referenced":true,"is_object_key_read_only":false,"is_user_provided_path_key":true,"transfer_complete":true,"is_partitioned":false,"complete_time_ticks":1730273092219,"user_data":{},"test_doc":0,"handle":{"bucket":"finalpe-donotdelete-pr-tnjx7anopxrqah","location":"eu-de","type":"bluemix_cos","key":"wx_prompt/SecondPE_Topics__Final_ImprovedVersion__da__bhgw4bfntk.json","upload_id":"done","max_part_num":1},"usage":{"access_count":0,"last_accessor_id":"IBMid-693000JF5O","last_access_time":1730273092219}}]}
